{"flutter":{"platforms":{"android":{"default":{"projectId":"antrian-online-253a7","appId":"1:601855261178:android:c79165b7b4ca1ab7044c43","fileOutput":"android/app/google-services.json"}},"dart":{"lib/firebase_options.dart":{"projectId":"antrian-online-253a7","configurations":{"android":"1:601855261178:android:c79165b7b4ca1ab7044c43","ios":"1:601855261178:ios:1cf04fd52b882b4f044c43","macos":"1:601855261178:ios:1cf04fd52b882b4f044c43","web":"1:601855261178:web:1c1ddcb3bab98813044c43","windows":"1:601855261178:web:c10621e6a7e9d6b1044c43"}}}}}}